{"cameraMode":{"drawMode":0,"name":"Shaded","section":"Shading Mode"},"sceneLighting":false,"audioPlay":false,"sceneViewState":{"showFog":true,"showMaterialUpdate":false,"showSkybox":true,"showFlares":true,"showImageEffects":true,"showParticleSystems":true},"in2DMode":false,"pivot":{"x":76.00436401367188,"y":-60.460601806640628,"z":-109.00343322753906},"rotation":{"x":-0.0204212237149477,"y":-0.9650890827178955,"z":0.2488231360912323,"w":-0.07920334488153458},"size":210.69114685058595,"orthographic":false}