{"cameraMode":{"drawMode":0,"name":"Shaded","section":"Shading Mode"},"sceneLighting":true,"audioPlay":false,"sceneViewState":{"showFog":true,"showMaterialUpdate":false,"showSkybox":true,"showFlares":true,"showImageEffects":true,"showParticleSystems":true},"in2DMode":false,"pivot":{"x":4.652667045593262,"y":0.31746160984039309,"z":2.9255597591400148},"rotation":{"x":-0.032936010509729388,"y":0.6479490399360657,"z":-0.028065981343388559,"w":-0.7604535818099976},"size":0.621658205986023,"orthographic":false}