{"cameraMode":{"drawMode":0,"name":"Shaded","section":"Shading Mode"},"sceneLighting":false,"audioPlay":false,"sceneViewState":{"showFog":true,"showMaterialUpdate":false,"showSkybox":true,"showFlares":true,"showImageEffects":true,"showParticleSystems":true},"in2DMode":false,"pivot":{"x":0.3317911624908447,"y":0.1722370982170105,"z":0.20517438650131226},"rotation":{"x":0.08514067530632019,"y":0.7239702939987183,"z":-0.09084440022706986,"w":0.6785024404525757},"size":1.6664183139801026,"orthographic":false}