{"cameraMode":{"drawMode":0,"name":"Shaded","section":"Shading Mode"},"sceneLighting":true,"audioPlay":false,"sceneViewState":{"showFog":true,"showMaterialUpdate":false,"showSkybox":true,"showFlares":true,"showImageEffects":true,"showParticleSystems":true},"in2DMode":false,"pivot":{"x":-4.464991569519043,"y":1.272932767868042,"z":3.8018925189971926},"rotation":{"x":0.02003878355026245,"y":0.9333252310752869,"z":-0.052734505385160449,"w":0.35457226634025576},"size":0.321658194065094,"orthographic":false}