{"cameraMode":{"drawMode":0,"name":"Shaded","section":"Shading Mode"},"sceneLighting":false,"audioPlay":false,"sceneViewState":{"showFog":true,"showMaterialUpdate":false,"showSkybox":true,"showFlares":true,"showImageEffects":true,"showParticleSystems":true},"in2DMode":false,"pivot":{"x":-0.04523050785064697,"y":0.0,"z":0.9999999403953552},"rotation":{"x":0.1103132963180542,"y":0.5826799869537354,"z":-0.08022809028625488,"w":0.8011731505393982},"size":8.443408012390137,"orthographic":false}