{"cameraMode":{"drawMode":0,"name":"Shaded","section":"Shading Mode"},"sceneLighting":true,"audioPlay":false,"sceneViewState":{"showFog":true,"showMaterialUpdate":false,"showSkybox":true,"showFlares":true,"showImageEffects":true,"showParticleSystems":true},"in2DMode":false,"pivot":{"x":3.2840445041656496,"y":-0.08048896491527558,"z":0.11470010876655579},"rotation":{"x":-0.004667902365326881,"y":-0.47799748182296755,"z":-0.0025381692685186865,"w":0.8783451318740845},"size":0.621658205986023,"orthographic":false}