{"cameraMode":{"drawMode":0,"name":"Shaded","section":"Shading Mode"},"sceneLighting":false,"audioPlay":false,"sceneViewState":{"showFog":true,"showMaterialUpdate":false,"showSkybox":true,"showFlares":true,"showImageEffects":true,"showParticleSystems":true},"in2DMode":false,"pivot":{"x":-36.76393508911133,"y":14.04537296295166,"z":-9.730545997619629},"rotation":{"x":-0.09868813306093216,"y":-0.6802918314933777,"z":-0.09320756793022156,"w":0.7202610969543457},"size":42.07500076293945,"orthographic":false}