{"cameraMode":{"drawMode":0,"name":"Shaded","section":"Shading Mode"},"sceneLighting":false,"audioPlay":false,"sceneViewState":{"showFog":true,"showMaterialUpdate":false,"showSkybox":true,"showFlares":true,"showImageEffects":true,"showParticleSystems":true},"in2DMode":false,"pivot":{"x":-11.48182201385498,"y":0.0,"z":-13.15999984741211},"rotation":{"x":0.1769944280385971,"y":0.0017978878458961845,"z":-0.00032097671646624804,"w":0.984210193157196},"size":5.392244338989258,"orthographic":false}