{"cameraMode":{"drawMode":0,"name":"Shaded","section":"Shading Mode"},"sceneLighting":false,"audioPlay":false,"sceneViewState":{"showFog":true,"showMaterialUpdate":false,"showSkybox":true,"showFlares":true,"showImageEffects":true,"showParticleSystems":true},"in2DMode":false,"pivot":{"x":33.966983795166019,"y":0.56854248046875,"z":33.8330192565918},"rotation":{"x":-0.18222294747829438,"y":0.7547336220741272,"z":-0.23522652685642243,"w":-0.5846713185310364},"size":90.0349349975586,"orthographic":false}