{"cameraMode":{"drawMode":0,"name":"Shaded","section":"Shading Mode"},"sceneLighting":false,"audioPlay":false,"sceneViewState":{"showFog":true,"showMaterialUpdate":false,"showSkybox":true,"showFlares":true,"showImageEffects":true,"showParticleSystems":true},"in2DMode":false,"pivot":{"x":0.9797540903091431,"y":0.9424644112586975,"z":2.90153169631958},"rotation":{"x":0.1103132963180542,"y":0.5826799869537354,"z":-0.08022809028625488,"w":0.8011731505393982},"size":5.04399299621582,"orthographic":false}