{"cameraMode":{"drawMode":0,"name":"Shaded","section":"Shading Mode"},"sceneLighting":false,"audioPlay":false,"sceneViewState":{"showFog":true,"showMaterialUpdate":false,"showSkybox":true,"showFlares":true,"showImageEffects":true,"showParticleSystems":true},"in2DMode":false,"pivot":{"x":-0.04523050785064697,"y":0.0,"z":0.9999999403953552},"rotation":{"x":0.26014530658721926,"y":0.43176525831222536,"z":-0.13158926367759705,"w":0.8535733819007874},"size":8.443408012390137,"orthographic":false}