{"cameraMode":{"drawMode":0,"name":"Shaded","section":"Shading Mode"},"sceneLighting":false,"audioPlay":false,"sceneViewState":{"showFog":true,"showMaterialUpdate":false,"showSkybox":true,"showFlares":true,"showImageEffects":true,"showParticleSystems":true},"in2DMode":false,"pivot":{"x":-17.975074768066408,"y":-14.250784873962403,"z":8.8271484375},"rotation":{"x":-0.06997178494930268,"y":0.8746095299720764,"z":-0.13274502754211427,"w":-0.46102163195610049},"size":90.0349349975586,"orthographic":false}