{"cameraMode":{"drawMode":0,"name":"Shaded","section":"Shading Mode"},"sceneLighting":false,"audioPlay":false,"sceneViewState":{"showFog":true,"showMaterialUpdate":false,"showSkybox":true,"showFlares":true,"showImageEffects":true,"showParticleSystems":true},"in2DMode":false,"pivot":{"x":-5.526930332183838,"y":11.5454740524292,"z":-1.5947413444519044},"rotation":{"x":-0.7078849077224731,"y":0.2829728424549103,"z":0.38516417145729067,"w":0.5200710296630859},"size":10.784489631652832,"orthographic":false}