{"cameraMode":{"drawMode":0,"name":"Shaded","section":"Shading Mode"},"sceneLighting":false,"audioPlay":false,"sceneViewState":{"showFog":true,"showMaterialUpdate":false,"showSkybox":true,"showFlares":true,"showImageEffects":true,"showParticleSystems":true},"in2DMode":false,"pivot":{"x":3.012557029724121,"y":6.3620285987854,"z":-51.07950973510742},"rotation":{"x":0.0007422320195473731,"y":-0.9988539218902588,"z":-0.04489685222506523,"w":-0.016572287306189538},"size":59.27261734008789,"orthographic":false}