{"cameraMode":{"drawMode":0,"name":"Shaded","section":"Shading Mode"},"sceneLighting":false,"audioPlay":false,"sceneViewState":{"showFog":true,"showMaterialUpdate":false,"showSkybox":true,"showFlares":true,"showImageEffects":true,"showParticleSystems":true},"in2DMode":false,"pivot":{"x":15.993302345275879,"y":-6.156198024749756,"z":-9.865926742553711},"rotation":{"x":-0.0838824212551117,"y":-0.8647591471672058,"z":0.15416494011878968,"w":-0.4705195128917694},"size":27.04878044128418,"orthographic":false}