{"cameraMode":{"drawMode":0,"name":"Shaded","section":"Shading Mode"},"sceneLighting":false,"audioPlay":false,"sceneViewState":{"showFog":true,"showMaterialUpdate":false,"showSkybox":true,"showFlares":true,"showImageEffects":true,"showParticleSystems":true},"in2DMode":false,"pivot":{"x":37.08098602294922,"y":-15.380008697509766,"z":66.07088470458985},"rotation":{"x":-0.1988505870103836,"y":0.25788024067878725,"z":-0.05432625114917755,"w":-0.9439305663108826},"size":80.7728500366211,"orthographic":false}