{"cameraMode":{"drawMode":0,"name":"Shaded","section":"Shading Mode"},"sceneLighting":false,"audioPlay":false,"sceneViewState":{"showFog":true,"showMaterialUpdate":false,"showSkybox":true,"showFlares":true,"showImageEffects":true,"showParticleSystems":true},"in2DMode":false,"pivot":{"x":-3.520994186401367,"y":4.364170551300049,"z":-5.204867839813232},"rotation":{"x":0.2716647982597351,"y":0.6056009531021118,"z":-0.2312944233417511,"w":0.7113007307052612},"size":2.8578836917877199,"orthographic":false}