{"cameraMode":{"drawMode":0,"name":"Shaded","section":"Shading Mode"},"sceneLighting":false,"audioPlay":false,"sceneViewState":{"showFog":true,"showMaterialUpdate":false,"showSkybox":true,"showFlares":true,"showImageEffects":true,"showParticleSystems":true},"in2DMode":false,"pivot":{"x":0.07895603775978089,"y":0.6684290766716003,"z":3.1158857345581056},"rotation":{"x":-0.06261654198169708,"y":0.006561220623552799,"z":0.0004133495094720274,"w":0.9980160593986511},"size":4.950001239776611,"orthographic":false}