{"cameraMode":{"drawMode":0,"name":"Shaded","section":"Shading Mode"},"sceneLighting":true,"audioPlay":false,"sceneViewState":{"showFog":true,"showMaterialUpdate":false,"showSkybox":true,"showFlares":true,"showImageEffects":true,"showParticleSystems":true},"in2DMode":false,"pivot":{"x":3.772603988647461,"y":-1.2903196811676026,"z":0.008809685707092286},"rotation":{"x":-0.14683014154434205,"y":-0.6284226179122925,"z":0.12237165868282318,"w":-0.7540233135223389},"size":10.0,"orthographic":false}