{"cameraMode":{"drawMode":0,"name":"Shaded","section":"Shading Mode"},"sceneLighting":false,"audioPlay":false,"sceneViewState":{"showFog":true,"showMaterialUpdate":false,"showSkybox":true,"showFlares":true,"showImageEffects":true,"showParticleSystems":true},"in2DMode":false,"pivot":{"x":-30.614599227905275,"y":-31.129257202148439,"z":-108.7158203125},"rotation":{"x":0.03449971601366997,"y":-0.9653213024139404,"z":0.1732955276966095,"w":0.19218026101589204},"size":210.69114685058595,"orthographic":false}