{"cameraMode":{"drawMode":0,"name":"Shaded","section":"Shading Mode"},"sceneLighting":false,"audioPlay":false,"sceneViewState":{"showFog":true,"showMaterialUpdate":false,"showSkybox":true,"showFlares":true,"showImageEffects":true,"showParticleSystems":true},"in2DMode":false,"pivot":{"x":4.08928108215332,"y":-6.569330215454102,"z":36.84281539916992},"rotation":{"x":0.055468201637268069,"y":0.02544792741537094,"z":-0.0014150962233543397,"w":0.9981351494789124},"size":58.41387939453125,"orthographic":false}