{"cameraMode":{"drawMode":0,"name":"Shaded","section":"Shading Mode"},"sceneLighting":false,"audioPlay":false,"sceneViewState":{"showFog":true,"showMaterialUpdate":false,"showSkybox":true,"showFlares":true,"showImageEffects":true,"showParticleSystems":true},"in2DMode":false,"pivot":{"x":-7.33038330078125,"y":4.584597110748291,"z":3.795572280883789},"rotation":{"x":0.048185158520936969,"y":0.1299731731414795,"z":-0.006325238384306431,"w":0.9903258085250855},"size":22.0,"orthographic":false}