{"cameraMode":{"drawMode":0,"name":"Shaded","section":"Shading Mode"},"sceneLighting":false,"audioPlay":false,"sceneViewState":{"showFog":true,"showMaterialUpdate":false,"showSkybox":true,"showFlares":true,"showImageEffects":true,"showParticleSystems":true},"in2DMode":false,"pivot":{"x":-0.6333091259002686,"y":2.888441801071167,"z":-2.372156858444214},"rotation":{"x":0.4285985231399536,"y":0.37160593271255495,"z":-0.19932276010513307,"w":0.7990511059761047},"size":2.8578836917877199,"orthographic":false}