{"cameraMode":{"drawMode":0,"name":"Shaded","section":"Shading Mode"},"sceneLighting":false,"audioPlay":false,"sceneViewState":{"showFog":true,"showMaterialUpdate":false,"showSkybox":true,"showFlares":true,"showImageEffects":true,"showParticleSystems":true},"in2DMode":false,"pivot":{"x":12.679754257202149,"y":-0.057535529136657718,"z":16.571531295776368},"rotation":{"x":0.12782786786556245,"y":0.004956486634910107,"z":-0.0006362515850923955,"w":0.9917837977409363},"size":5.04399299621582,"orthographic":false}