{"cameraMode":{"drawMode":0,"name":"Shaded","section":"Shading Mode"},"sceneLighting":false,"audioPlay":false,"sceneViewState":{"showFog":true,"showMaterialUpdate":false,"showSkybox":true,"showFlares":true,"showImageEffects":true,"showParticleSystems":true},"in2DMode":false,"pivot":{"x":3.064857244491577,"y":-4.049330234527588,"z":3.9998831748962404},"rotation":{"x":0.3259405195713043,"y":0.44265037775039675,"z":-0.1767120361328125,"w":0.8164535164833069},"size":10.784489631652832,"orthographic":false}