{"cameraMode":{"drawMode":0,"name":"Shaded","section":"Shading Mode"},"sceneLighting":true,"audioPlay":false,"sceneViewState":{"showFog":true,"showMaterialUpdate":false,"showSkybox":true,"showFlares":true,"showImageEffects":true,"showParticleSystems":true},"in2DMode":false,"pivot":{"x":2.875544548034668,"y":-0.7911030054092407,"z":-4.300627708435059},"rotation":{"x":-0.06439141184091568,"y":0.27018827199935915,"z":-0.01811496913433075,"w":-0.9604811072349548},"size":0.621658205986023,"orthographic":false}