{"cameraMode":{"drawMode":0,"name":"Shaded","section":"Shading Mode"},"sceneLighting":false,"audioPlay":false,"sceneViewState":{"showFog":true,"showMaterialUpdate":false,"showSkybox":true,"showFlares":true,"showImageEffects":true,"showParticleSystems":true},"in2DMode":false,"pivot":{"x":30.88812255859375,"y":-27.044198989868165,"z":-10.37540054321289},"rotation":{"x":-0.04313226044178009,"y":-0.7179234623908997,"z":0.044660426676273349,"w":-0.6933477520942688},"size":210.69114685058595,"orthographic":false}