{"cameraMode":{"drawMode":0,"name":"Shaded","section":"Shading Mode"},"sceneLighting":false,"audioPlay":false,"sceneViewState":{"showFog":true,"showMaterialUpdate":false,"showSkybox":true,"showFlares":true,"showImageEffects":true,"showParticleSystems":true},"in2DMode":false,"pivot":{"x":-2.6540942192077638,"y":4.215062141418457,"z":-5.168300628662109},"rotation":{"x":0.1362646073102951,"y":0.6657335758209229,"z":-0.12550047039985658,"w":0.7228280305862427},"size":8.443408012390137,"orthographic":false}