{"cameraMode":{"drawMode":0,"name":"Shaded","section":"Shading Mode"},"sceneLighting":false,"audioPlay":false,"sceneViewState":{"showFog":true,"showMaterialUpdate":false,"showSkybox":true,"showFlares":true,"showImageEffects":true,"showParticleSystems":true},"in2DMode":false,"pivot":{"x":-0.6333091259002686,"y":2.888441801071167,"z":-2.372156858444214},"rotation":{"x":0.428598552942276,"y":0.3716059625148773,"z":-0.19932277500629426,"w":0.7990511655807495},"size":2.8578836917877199,"orthographic":false}