{"cameraMode":{"drawMode":0,"name":"Shaded","section":"Shading Mode"},"sceneLighting":false,"audioPlay":false,"sceneViewState":{"showFog":true,"showMaterialUpdate":false,"showSkybox":true,"showFlares":true,"showImageEffects":true,"showParticleSystems":true},"in2DMode":false,"pivot":{"x":3.6953680515289308,"y":0.32093489170074465,"z":60.49922561645508},"rotation":{"x":0.06715960800647736,"y":-0.009288500063121319,"z":0.0006244046962819994,"w":0.9976988434791565},"size":61.73419952392578,"orthographic":false}