{"cameraMode":{"drawMode":0,"name":"Shaded","section":"Shading Mode"},"sceneLighting":false,"audioPlay":false,"sceneViewState":{"showFog":true,"showMaterialUpdate":false,"showSkybox":true,"showFlares":true,"showImageEffects":true,"showParticleSystems":true},"in2DMode":false,"pivot":{"x":2.3523387908935549,"y":5.523867130279541,"z":4.969244003295898},"rotation":{"x":-0.021572181954979898,"y":0.9189922213554382,"z":-0.390396386384964,"w":-0.05078009143471718},"size":4.874316692352295,"orthographic":false}