{"cameraMode":{"drawMode":0,"name":"Shaded","section":"Shading Mode"},"sceneLighting":false,"audioPlay":false,"sceneViewState":{"showFog":true,"showMaterialUpdate":false,"showSkybox":true,"showFlares":true,"showImageEffects":true,"showParticleSystems":true},"in2DMode":false,"pivot":{"x":0.10000000149011612,"y":0.0,"z":-0.30000001192092898},"rotation":{"x":0.10078756511211395,"y":0.8699153661727905,"z":-0.19940340518951417,"w":0.43969017267227175},"size":1.6664183139801026,"orthographic":false}