{"cameraMode":{"drawMode":0,"name":"Shaded","section":"Shading Mode"},"sceneLighting":false,"audioPlay":false,"sceneViewState":{"showFog":true,"showMaterialUpdate":false,"showSkybox":true,"showFlares":true,"showImageEffects":true,"showParticleSystems":true},"in2DMode":false,"pivot":{"x":-2.9975333213806154,"y":-1.6333065032958985,"z":18.387754440307618},"rotation":{"x":0.065341517329216,"y":-0.0370790958404541,"z":0.0024326087441295387,"w":0.9971709251403809},"size":42.07500076293945,"orthographic":false}