{"cameraMode":{"drawMode":0,"name":"Shaded","section":"Shading Mode"},"sceneLighting":false,"audioPlay":false,"sceneViewState":{"showFog":true,"showMaterialUpdate":false,"showSkybox":true,"showFlares":true,"showImageEffects":true,"showParticleSystems":true},"in2DMode":false,"pivot":{"x":4.490777969360352,"y":0.5377507209777832,"z":-2.8115005493164064},"rotation":{"x":-0.048519670963287356,"y":-0.8567072153091431,"z":0.0819973275065422,"w":-0.5069270730018616},"size":27.04878044128418,"orthographic":false}