{"cameraMode":{"drawMode":0,"name":"Shaded","section":"Shading Mode"},"sceneLighting":true,"audioPlay":false,"sceneViewState":{"showFog":true,"showMaterialUpdate":false,"showSkybox":true,"showFlares":true,"showImageEffects":true,"showParticleSystems":true},"in2DMode":false,"pivot":{"x":-0.11007742583751679,"y":-1.8308913707733155,"z":8.378162384033204},"rotation":{"x":0.1609840840101242,"y":-0.01836482249200344,"z":0.002995584160089493,"w":0.9867815971374512},"size":10.0,"orthographic":false}