{"cameraMode":{"drawMode":0,"name":"Shaded","section":"Shading Mode"},"sceneLighting":false,"audioPlay":false,"sceneViewState":{"showFog":true,"showMaterialUpdate":false,"showSkybox":true,"showFlares":true,"showImageEffects":true,"showParticleSystems":true},"in2DMode":false,"pivot":{"x":13.253071784973145,"y":-29.109575271606447,"z":82.4347152709961},"rotation":{"x":-0.19688169658184052,"y":-0.035874322056770328,"z":0.007209800649434328,"w":-0.9797441959381104},"size":122.39860534667969,"orthographic":false}