{"cameraMode":{"drawMode":0,"name":"Shaded","section":"Shading Mode"},"sceneLighting":true,"audioPlay":false,"sceneViewState":{"showFog":true,"showMaterialUpdate":false,"showSkybox":true,"showFlares":true,"showImageEffects":true,"showParticleSystems":true},"in2DMode":false,"pivot":{"x":-3.378635883331299,"y":1.1691937446594239,"z":0.5201364159584045},"rotation":{"x":0.0038381610065698625,"y":0.8998715281486511,"z":-0.007911344058811665,"w":0.43606647849082949},"size":1.1446797847747803,"orthographic":false}