{"cameraMode":{"drawMode":0,"name":"Shaded","section":"Shading Mode"},"sceneLighting":false,"audioPlay":false,"sceneViewState":{"showFog":true,"showMaterialUpdate":false,"showSkybox":true,"showFlares":true,"showImageEffects":true,"showParticleSystems":true},"in2DMode":false,"pivot":{"x":-0.04523050785064697,"y":0.0,"z":0.9999999403953552},"rotation":{"x":0.027087880298495294,"y":-0.5788381099700928,"z":-0.019248489290475847,"w":-0.8147651553153992},"size":8.443408012390137,"orthographic":false}