{"cameraMode":{"drawMode":0,"name":"Shaded","section":"Shading Mode"},"sceneLighting":false,"audioPlay":false,"sceneViewState":{"showFog":true,"showMaterialUpdate":false,"showSkybox":true,"showFlares":true,"showImageEffects":true,"showParticleSystems":true},"in2DMode":false,"pivot":{"x":12.679754257202149,"y":-0.057535529136657718,"z":16.571531295776368},"rotation":{"x":0.007493103388696909,"y":0.8616029024124146,"z":-0.012719063088297844,"w":0.5073683261871338},"size":5.04399299621582,"orthographic":false}