{"cameraMode":{"drawMode":0,"name":"Shaded","section":"Shading Mode"},"sceneLighting":false,"audioPlay":false,"sceneViewState":{"showFog":true,"showMaterialUpdate":false,"showSkybox":true,"showFlares":true,"showImageEffects":true,"showParticleSystems":true},"in2DMode":false,"pivot":{"x":0.09708303213119507,"y":0.4945140480995178,"z":-9.09648323059082},"rotation":{"x":-0.009932821616530419,"y":0.0240289568901062,"z":-0.00023951813636813313,"w":-0.999661922454834},"size":14.02500057220459,"orthographic":false}