{"cameraMode":{"drawMode":0,"name":"Shaded","section":"Shading Mode"},"sceneLighting":true,"audioPlay":false,"sceneViewState":{"showFog":true,"showMaterialUpdate":false,"showSkybox":true,"showFlares":true,"showImageEffects":true,"showParticleSystems":true},"in2DMode":false,"pivot":{"x":-13.403518676757813,"y":-4.258820056915283,"z":-21.479312896728517},"rotation":{"x":-0.033043403178453448,"y":0.9550505876541138,"z":-0.11667416989803314,"w":-0.27050650119781496},"size":26.910696029663087,"orthographic":false}