{"cameraMode":{"drawMode":0,"name":"Shaded","section":"Shading Mode"},"sceneLighting":false,"audioPlay":false,"sceneViewState":{"showFog":true,"showMaterialUpdate":false,"showSkybox":true,"showFlares":true,"showImageEffects":true,"showParticleSystems":true},"in2DMode":false,"pivot":{"x":0.9417701959609985,"y":0.9424644708633423,"z":2.90153169631958},"rotation":{"x":0.007493103388696909,"y":0.8616029024124146,"z":-0.012719063088297844,"w":0.5073683261871338},"size":4.3990888595581059,"orthographic":false}