{"cameraMode":{"drawMode":0,"name":"Shaded","section":"Shading Mode"},"sceneLighting":false,"audioPlay":false,"sceneViewState":{"showFog":true,"showMaterialUpdate":false,"showSkybox":true,"showFlares":true,"showImageEffects":true,"showParticleSystems":true},"in2DMode":false,"pivot":{"x":25.683019638061525,"y":-7.40373420715332,"z":-22.376907348632814},"rotation":{"x":0.05241046100854874,"y":0.8987805843353272,"z":-0.11198876798152924,"w":0.42060092091560366},"size":42.07500076293945,"orthographic":false}