{"cameraMode":{"drawMode":0,"name":"Shaded","section":"Shading Mode"},"sceneLighting":false,"audioPlay":false,"sceneViewState":{"showFog":true,"showMaterialUpdate":false,"showSkybox":true,"showFlares":true,"showImageEffects":true,"showParticleSystems":true},"in2DMode":false,"pivot":{"x":-11.553643226623536,"y":0.0,"z":-13.15999984741211},"rotation":{"x":-0.013858063146471978,"y":0.9294081330299377,"z":0.03509107604622841,"w":0.36711999773979189},"size":10.784488677978516,"orthographic":false}