{"cameraMode":{"drawMode":0,"name":"Shaded","section":"Shading Mode"},"sceneLighting":true,"audioPlay":false,"sceneViewState":{"showFog":true,"showMaterialUpdate":false,"showSkybox":true,"showFlares":true,"showImageEffects":true,"showParticleSystems":true},"in2DMode":false,"pivot":{"x":2.3372802734375,"y":6.2573418617248539,"z":-0.34624481201171877},"rotation":{"x":0.016445202752947809,"y":0.9835554957389832,"z":-0.12825031578540803,"w":0.12609539926052094},"size":26.910696029663087,"orthographic":false}