{"cameraMode":{"drawMode":0,"name":"Shaded","section":"Shading Mode"},"sceneLighting":false,"audioPlay":false,"sceneViewState":{"showFog":true,"showMaterialUpdate":false,"showSkybox":true,"showFlares":true,"showImageEffects":true,"showParticleSystems":true},"in2DMode":false,"pivot":{"x":-7.923711776733398,"y":-8.52534294128418,"z":20.06809425354004},"rotation":{"x":-0.14217142760753632,"y":0.17426320910453797,"z":-0.025436125695705415,"w":-0.9740496277809143},"size":43.96837615966797,"orthographic":false}