{"cameraMode":{"drawMode":0,"name":"Shaded","section":"Shading Mode"},"sceneLighting":true,"audioPlay":false,"sceneViewState":{"showFog":true,"showMaterialUpdate":true,"showSkybox":true,"showFlares":true,"showImageEffects":true,"showParticleSystems":true},"in2DMode":false,"pivot":{"x":-0.7146325707435608,"y":0.01402272842824459,"z":0.08652371913194657},"rotation":{"x":0.07270011305809021,"y":0.8561827540397644,"z":-0.12551556527614594,"w":0.49589478969573977},"size":0.22863063216209413,"orthographic":false}