{"cameraMode":{"drawMode":0,"name":"Shaded","section":"Shading Mode"},"sceneLighting":false,"audioPlay":false,"sceneViewState":{"showFog":true,"showMaterialUpdate":false,"showSkybox":true,"showFlares":true,"showImageEffects":true,"showParticleSystems":true},"in2DMode":false,"pivot":{"x":1.6454309225082398,"y":2.779453992843628,"z":8.124303817749024},"rotation":{"x":0.029561933130025865,"y":-0.1609009951353073,"z":-0.004822112154215574,"w":-0.986515998840332},"size":9.968513488769532,"orthographic":false}