{"cameraMode":{"drawMode":0,"name":"Shaded","section":"Shading Mode"},"sceneLighting":false,"audioPlay":false,"sceneViewState":{"showFog":true,"showMaterialUpdate":false,"showSkybox":true,"showFlares":true,"showImageEffects":true,"showParticleSystems":true},"in2DMode":false,"pivot":{"x":-0.04523050785064697,"y":0.0,"z":0.9999999403953552},"rotation":{"x":-0.08233527094125748,"y":0.9151815176010132,"z":-0.24156129360198975,"w":-0.31194862723350527},"size":8.443408012390137,"orthographic":false}