{"cameraMode":{"drawMode":0,"name":"Shaded","section":"Shading Mode"},"sceneLighting":false,"audioPlay":false,"sceneViewState":{"showFog":true,"showMaterialUpdate":false,"showSkybox":true,"showFlares":true,"showImageEffects":true,"showParticleSystems":true},"in2DMode":false,"pivot":{"x":-1.2983120679855347,"y":2.702852964401245,"z":0.9658079147338867},"rotation":{"x":0.09032285958528519,"y":0.05080128461122513,"z":0.004612626973539591,"w":-0.9946053624153137},"size":14.02500057220459,"orthographic":false}