{"cameraMode":{"drawMode":0,"name":"Shaded","section":"Shading Mode"},"sceneLighting":false,"audioPlay":false,"sceneViewState":{"showFog":true,"showMaterialUpdate":false,"showSkybox":true,"showFlares":true,"showImageEffects":true,"showParticleSystems":true},"in2DMode":false,"pivot":{"x":-1.2572169303894044,"y":-1.3906826972961426,"z":-1.1957533359527588},"rotation":{"x":-0.08233527094125748,"y":0.9151815176010132,"z":-0.24156129360198975,"w":-0.31194862723350527},"size":6.989465236663818,"orthographic":false}