{"cameraMode":{"drawMode":0,"name":"Shaded","section":"Shading Mode"},"sceneLighting":false,"audioPlay":false,"sceneViewState":{"showFog":true,"showMaterialUpdate":false,"showSkybox":true,"showFlares":true,"showImageEffects":true,"showParticleSystems":true},"in2DMode":false,"pivot":{"x":1.3979263305664063,"y":-6.474818706512451,"z":-29.984893798828126},"rotation":{"x":-0.007118135690689087,"y":-0.990623414516449,"z":0.12403561919927597,"w":-0.056832339614629748},"size":42.07500076293945,"orthographic":false}