{"cameraMode":{"drawMode":0,"name":"Shaded","section":"Shading Mode"},"sceneLighting":false,"audioPlay":false,"sceneViewState":{"showFog":true,"showMaterialUpdate":false,"showSkybox":true,"showFlares":true,"showImageEffects":true,"showParticleSystems":true},"in2DMode":false,"pivot":{"x":29.845598220825197,"y":-18.27577018737793,"z":3.2921202182769777},"rotation":{"x":0.19722698628902436,"y":0.630513072013855,"z":-0.17006807029247285,"w":0.7311850786209106},"size":42.07500076293945,"orthographic":false}