{"cameraMode":{"drawMode":0,"name":"Shaded","section":"Shading Mode"},"sceneLighting":true,"audioPlay":false,"sceneViewState":{"showFog":true,"showMaterialUpdate":false,"showSkybox":true,"showFlares":true,"showImageEffects":true,"showParticleSystems":true},"in2DMode":false,"pivot":{"x":-2.8036141395568849,"y":-0.3890257477760315,"z":0.36207133531570437},"rotation":{"x":-0.16749632358551026,"y":0.8248392343521118,"z":-0.31500938534736636,"w":-0.4385822117328644},"size":10.0,"orthographic":false}